Q1,Q2,Q3,Q4,Q5,Q29,Q30,Q31_1,Q31_2,Q31_3,Q32_1,Q32_2,Q33
I have read the terms and I accept the conditions [click here if you agree],Male,Yes,Engineering and technology,CentraleSupélec,0,,1.0,8.0,1.0,11.0,9.0,
I have read the terms and I accept the conditions [click here if you agree],Female,Yes,Humanities,Paris 1,0,,1.0,9.0,1.0,11.0,6.0,
I have read the terms and I accept the conditions [click here if you agree],Other,Yes,Engineering and technology,,0,,1.0,4.0,2.0,8.0,2.0,
I have read the terms and I accept the conditions [click here if you agree],Gender No-conforming,Yes,Natural science,Uca,0,,1.0,4.0,1.0,11.0,8.0,
I have read the terms and I accept the conditions [click here if you agree],Male,Yes,Social science,,0,,1.0,3.0,1.0,11.0,9.0,
I have read the terms and I accept the conditions [click here if you agree],Female,Yes,Natural science,Université Clermont Auvergne,0,,1.0,7.0,5.0,11.0,6.0,
I have read the terms and I accept the conditions [click here if you agree],Transgender,Yes,Engineering and technology,ISIMA,1,1,1.0,7.0,3.0,11.0,11.0,
I have read the terms and I accept the conditions [click here if you agree],Prefer not to say,Yes,Engineering and technology,Polytech,0,,1.0,4.0,1.0,11.0,6.0,
I have read the terms and I accept the conditions [click here if you agree],Male,Yes,Engineering and technology,Polytech Clermont-Ferrand,1,0,1.0,4.0,2.0,11.0,4.0,
I have read the terms and I accept the conditions [click here if you agree],Male,Yes,Natural science,,0,,1.0,3.0,6.0,11.0,11.0,
I have read the terms and I accept the conditions [click here if you agree],Female,Yes,Engineering and technology,IUT CLERMONT FERRAND,1,0,1.0,3.0,1.0,11.0,11.0,
I have read the terms and I accept the conditions [click here if you agree],Male,Yes,Engineering and technology,,1,0,1.0,9.0,4.0,9.0,7.0,
I have read the terms and I accept the conditions [click here if you agree],Male,Yes,Engineering and technology,,0,,1.0,3.0,2.0,11.0,5.0,
I have read the terms and I accept the conditions [click here if you agree],Male,Yes,Engineering and technology,Iut informatique de l'université clermont auvergne,1,1,1.0,3.0,5.0,11.0,6.0,
I have read the terms and I accept the conditions [click here if you agree],Male,Yes,Engineering and technology,,0,,1.0,4.0,1.0,11.0,11.0,
I have read the terms and I accept the conditions [click here if you agree],Male,Yes,Engineering and technology,Polytech' Clermont-Ferrand,0,,1.0,8.0,5.0,9.0,6.0,
I have read the terms and I accept the conditions [click here if you agree],Male,Yes,Engineering and technology,Informatique,0,,1.0,6.0,1.0,6.0,11.0,
I have read the terms and I accept the conditions [click here if you agree],Female,Yes,Engineering and technology,,0,,1.0,5.0,3.0,11.0,4.0,
I have read the terms and I accept the conditions [click here if you agree],Female,Yes,Humanities,ESJ Paris,0,,1.0,9.0,1.0,3.0,4.0,
I have read the terms and I accept the conditions [click here if you agree],Female,Yes,Medical and health science,UFR STAPS,0,,1.0,2.0,3.0,3.0,3.0,
I have read the terms and I accept the conditions [click here if you agree],Male,Yes,Medical and health science,Université Clermont Auvergne,0,,1.0,7.0,1.0,11.0,11.0,
I have read the terms and I accept the conditions [click here if you agree],Female,Yes,Social science,UCA,0,,1.0,4.0,3.0,11.0,9.0,
I have read the terms and I accept the conditions [click here if you agree],Female,Yes,Humanities,INDE Angers,0,,1.0,1.0,7.0,11.0,8.0,
I have read the terms and I accept the conditions [click here if you agree],Female,Yes,Social science,Université d'AvigNo,0,,1.0,3.0,3.0,8.0,1.0,
,Female,Yes,Humanities,Université d'AvigNo,0,,1.0,4.0,1.0,11.0,6.0,
,Female,Yes,Social science,Université d'AvigNo,0,,1.0,5.0,2.0,9.0,9.0,On ne déconnecte jamais du covid avec ces applis
I have read the terms and I accept the conditions [click here if you agree],Male,Yes,Engineering and technology,CentraleSupélec,0,,2.0,9.0,2.0,11.0,8.0,
I have read the terms and I accept the conditions [click here if you agree],Female,Yes,Social science,IDRAC BUSINESS SCHOOL,0,,2.0,5.0,5.0,10.0,10.0,
I have read the terms and I accept the conditions [click here if you agree],Female,Yes,Social science,École de droit de Clermont-Ferrand,0,,2.0,8.0,6.0,11.0,8.0,
I have read the terms and I accept the conditions [click here if you agree],Male,Yes,Natural science,Université Clermont Auvergne,0,,2.0,10.0,1.0,9.0,7.0,
I have read the terms and I accept the conditions [click here if you agree],Male,Yes,Natural science,Université clermont auvergne,0,,2.0,11.0,1.0,9.0,7.0,https://youtu.be/dQw4w9WgXcQ
I have read the terms and I accept the conditions [click here if you agree],No-binary,Yes,Engineering and technology,,0,,2.0,4.0,3.0,11.0,10.0,
I have read the terms and I accept the conditions [click here if you agree],Female,Yes,Natural science,Campus des cezeaux universite clermont auvergne,1,0,2.0,9.0,7.0,11.0,2.0,
I have read the terms and I accept the conditions [click here if you agree],Male,Yes,Medical and health science,,0,,2.0,5.0,2.0,8.0,11.0,
I have read the terms and I accept the conditions [click here if you agree],Male,Yes,Engineering and technology,Sigma Clermont,0,,2.0,3.0,4.0,11.0,4.0,
I have read the terms and I accept the conditions [click here if you agree],Female,Yes,Natural science,Ufr chimie,0,,2.0,2.0,2.0,11.0,10.0,
I have read the terms and I accept the conditions [click here if you agree],Male,Yes,Natural science,Uca,1,1,2.0,2.0,1.0,10.0,9.0,
I have read the terms and I accept the conditions [click here if you agree],Female,Yes,Medical and health science,Uca,0,,2.0,2.0,2.0,3.0,3.0,
I have read the terms and I accept the conditions [click here if you agree],Male,Yes,Engineering and technology,,0,,2.0,4.0,1.0,11.0,11.0,
I have read the terms and I accept the conditions [click here if you agree],Male,Yes,Engineering and technology,IUT de Clermont Ferrand,0,,2.0,8.0,2.0,11.0,3.0,
I have read the terms and I accept the conditions [click here if you agree],Male,Yes,Social science,UCA,0,,2.0,8.0,4.0,7.0,6.0,
I have read the terms and I accept the conditions [click here if you agree],Male,Yes,Engineering and technology,,0,,2.0,7.0,4.0,9.0,11.0,
I have read the terms and I accept the conditions [click here if you agree],Prefer not to say,Yes,Humanities,Esj paris,1,0,2.0,2.0,2.0,1.0,1.0,
I have read the terms and I accept the conditions [click here if you agree],Female,Yes,Social science,Université Clermont Auvergne,0,,2.0,2.0,2.0,11.0,5.0,
I have read the terms and I accept the conditions [click here if you agree],Male,Yes,Medical and health science,Staps,0,,2.0,6.0,9.0,5.0,5.0,
I have read the terms and I accept the conditions [click here if you agree],Female,Yes,Social science,Université d'AvigNo,0,,2.0,9.0,5.0,11.0,5.0,
I have read the terms and I accept the conditions [click here if you agree],Female,Yes,Social science,Université d'AvigNo,0,,2.0,8.0,7.0,11.0,6.0,
I have read the terms and I accept the conditions [click here if you agree],Female,Yes,Humanities,Universtié d'AvigNo,0,,2.0,7.0,1.0,11.0,11.0,
,Male,Yes,Medical and health science,Universtié d'AvigNo,0,,2.0,2.0,2.0,11.0,11.0,
I have read the terms and I accept the conditions [click here if you agree],Female,Yes,Engineering and technology,Paris 1 Panthéon-Sorbonne,0,,3.0,7.0,10.0,11.0,9.0,
I have read the terms and I accept the conditions [click here if you agree],Male,Yes,Engineering and technology,Université Paris 1,1,0,3.0,10.0,2.0,11.0,10.0,
I have read the terms and I accept the conditions [click here if you agree],Female,Yes,Medical and health science,paris descartes,1,0,3.0,11.0,11.0,11.0,9.0,
I have read the terms and I accept the conditions [click here if you agree],Female,Yes,Social science,ESSCA,0,,3.0,10.0,8.0,11.0,5.0,
I have read the terms and I accept the conditions [click here if you agree],Male,Yes,Engineering and technology,Université Paris 1 - Panthéon Sorbonne,1,0,3.0,7.0,5.0,10.0,8.0,
I have read the terms and I accept the conditions [click here if you agree],Male,Yes,Natural science,UFR biologie,1,0,3.0,5.0,5.0,8.0,8.0,
I have read the terms and I accept the conditions [click here if you agree],Female,Yes,Social science,,0,,3.0,8.0,8.0,9.0,9.0,
I have read the terms and I accept the conditions [click here if you agree],Male,Yes,Social science,Uca,1,0,3.0,5.0,9.0,1.0,1.0,
I have read the terms and I accept the conditions [click here if you agree],Female,Yes,Natural science,,1,0,3.0,2.0,1.0,11.0,1.0,
I have read the terms and I accept the conditions [click here if you agree],Male,Yes,Natural science,Université Clermont Auvergne,0,,3.0,10.0,1.0,11.0,11.0,
I have read the terms and I accept the conditions [click here if you agree],Male,Yes,Engineering and technology,IUT de Clermon-Ferrand,0,,3.0,8.0,6.0,11.0,6.0,
I have read the terms and I accept the conditions [click here if you agree],Male,Yes,Natural science,Université Clermont Auvergne,0,,3.0,5.0,1.0,6.0,6.0,No
I have read the terms and I accept the conditions [click here if you agree],Gender No-conforming,Yes,Social science,,0,,3.0,8.0,1.0,11.0,1.0,
I have read the terms and I accept the conditions [click here if you agree],Male,Yes,Natural science,Université de Clermont Auvergne,0,,3.0,8.0,3.0,8.0,8.0,
I have read the terms and I accept the conditions [click here if you agree],Male,Yes,Engineering and technology,SIGMA Clermont,0,,3.0,8.0,3.0,10.0,10.0,
I have read the terms and I accept the conditions [click here if you agree],Female,Yes,Natural science,Cezeaux,0,,3.0,8.0,4.0,11.0,8.0,
I have read the terms and I accept the conditions [click here if you agree],Female,Yes,Humanities,,0,,3.0,3.0,5.0,9.0,3.0,
I have read the terms and I accept the conditions [click here if you agree],Male,Yes,Engineering and technology,ISIMA,1,1,3.0,10.0,7.0,9.0,8.0,
I have read the terms and I accept the conditions [click here if you agree],Female,Yes,Engineering and technology,,0,,3.0,8.0,2.0,6.0,5.0,
I have read the terms and I accept the conditions [click here if you agree],Female,Yes,Medical and health science,UCA,0,,3.0,2.0,1.0,11.0,9.0,Je suis contre ce besoin de tracer des gens
I have read the terms and I accept the conditions [click here if you agree],Female,Yes,Medical and health science,Cezeau et fac de médecine,0,,3.0,6.0,6.0,6.0,6.0,
I have read the terms and I accept the conditions [click here if you agree],Female,Yes,Medical and health science,Campus Cezaux,0,,3.0,3.0,5.0,4.0,3.0,
I have read the terms and I accept the conditions [click here if you agree],Female,Yes,Engineering and technology,CentraleSupélec,0,,3.0,9.0,6.0,11.0,8.0,
I have read the terms and I accept the conditions [click here if you agree],Male,Yes,Engineering and technology,,0,,3.0,3.0,1.0,11.0,1.0,
I have read the terms and I accept the conditions [click here if you agree],Male,Yes,Engineering and technology,IUT Informatique UCA Clermont-Fd,0,,3.0,8.0,7.0,9.0,7.0,
I have read the terms and I accept the conditions [click here if you agree],Male,Yes,Engineering and technology,,0,,3.0,7.0,2.0,11.0,11.0,
I have read the terms and I accept the conditions [click here if you agree],Prefer not to say,Yes,Natural science,,0,,3.0,5.0,1.0,11.0,5.0,
I have read the terms and I accept the conditions [click here if you agree],Female,Yes,Engineering and technology,UCA,0,,3.0,5.0,4.0,11.0,5.0,
I have read the terms and I accept the conditions [click here if you agree],Female,Yes,Engineering and technology,uca,1,0,3.0,6.0,1.0,11.0,11.0,
I have read the terms and I accept the conditions [click here if you agree],Male,Yes,Social science,Paris 1,0,,3.0,6.0,2.0,11.0,11.0,
I have read the terms and I accept the conditions [click here if you agree],Female,Yes,Humanities,UCA Clermont Ferrand,0,,3.0,4.0,5.0,11.0,9.0,
I have read the terms and I accept the conditions [click here if you agree],Female,Yes,Humanities,Université Paris 1 Panthéon Sorbonne,0,,3.0,3.0,1.0,11.0,9.0,
I have read the terms and I accept the conditions [click here if you agree],Female,Yes,Engineering and technology,Université d'AvigNo,0,,3.0,6.0,4.0,11.0,6.0,
I have read the terms and I accept the conditions [click here if you agree],Female,Yes,Humanities,Universtié d'AvigNo,0,,3.0,3.0,1.0,11.0,5.0,
,Female,Yes,Social science,Universtié d'AvigNo,0,,3.0,9.0,3.0,11.0,10.0,Je fais confiance à Google maps mais je sais que je ne devrais pas
,Female,Yes,Humanities,Universtié d'AvigNo,0,,3.0,7.0,3.0,6.0,3.0,
,Male,Yes,Social science,Universtié d'AvigNo,0,,3.0,9.0,5.0,9.0,6.0,
,Female,Yes,Medical and health science,Universtié d'AvigNo,0,,3.0,9.0,6.0,9.0,8.0,
I have read the terms and I accept the conditions [click here if you agree],Female,Yes,Engineering and technology,CentraleSupélec,0,,4.0,6.0,1.0,11.0,6.0,
I have read the terms and I accept the conditions [click here if you agree],Female,Yes,Social science,Université de Nice,0,,4.0,7.0,3.0,11.0,11.0,
I have read the terms and I accept the conditions [click here if you agree],Male,Yes,Natural science,Laboratoire magmas et volcans - OPGC - UCA,1,0,4.0,5.0,5.0,11.0,3.0,
I have read the terms and I accept the conditions [click here if you agree],Male,Yes,Engineering and technology,,0,,4.0,7.0,3.0,8.0,11.0,
I have read the terms and I accept the conditions [click here if you agree],Male,Yes,Humanities,Université Côte d'Azur,1,0,4.0,8.0,6.0,8.0,8.0,
I have read the terms and I accept the conditions [click here if you agree],Male,Yes,Engineering and technology,,0,,4.0,6.0,3.0,9.0,11.0,
I have read the terms and I accept the conditions [click here if you agree],Male,Yes,Engineering and technology,,1,1,4.0,9.0,1.0,11.0,11.0,
I have read the terms and I accept the conditions [click here if you agree],Male,Yes,Engineering and technology,Panthéon Sorbonne Paris 1,0,,4.0,6.0,2.0,11.0,8.0,
I have read the terms and I accept the conditions [click here if you agree],Female,Yes,Humanities,,0,,4.0,7.0,5.0,11.0,10.0,
I have read the terms and I accept the conditions [click here if you agree],Male,Yes,Engineering and technology,université de lille,0,,4.0,7.0,3.0,11.0,4.0,
I have read the terms and I accept the conditions [click here if you agree],Female,Yes,Social science,Paris 1 - Pantheon Sorbonne,0,,4.0,10.0,3.0,10.0,9.0,
I have read the terms and I accept the conditions [click here if you agree],Female,Yes,Engineering and technology,Université de Lille,0,,4.0,9.0,1.0,11.0,9.0,
I have read the terms and I accept the conditions [click here if you agree],Female,Yes,Engineering and technology,Lille,0,,4.0,9.0,1.0,11.0,10.0,
I have read the terms and I accept the conditions [click here if you agree],Male,Yes,Engineering and technology,Université de Lorraine,1,1,4.0,6.0,2.0,11.0,11.0,
I have read the terms and I accept the conditions [click here if you agree],Female,Yes,Engineering and technology,Paris I,0,,4.0,8.0,2.0,11.0,9.0,
I have read the terms and I accept the conditions [click here if you agree],Prefer not to say,Yes,Engineering and technology,,1,0,4.0,8.0,4.0,11.0,8.0,
I have read the terms and I accept the conditions [click here if you agree],Female,Yes,Engineering and technology,Paris 1,1,0,4.0,11.0,2.0,11.0,11.0,
I have read the terms and I accept the conditions [click here if you agree],Male,Yes,Engineering and technology,Uca,1,1,4.0,11.0,8.0,11.0,6.0,
I have read the terms and I accept the conditions [click here if you agree],Male,Yes,Natural science,,0,,4.0,9.0,7.0,11.0,10.0,
I have read the terms and I accept the conditions [click here if you agree],Male,Yes,Natural science,,1,0,4.0,7.0,4.0,9.0,7.0,
I have read the terms and I accept the conditions [click here if you agree],Male,Yes,Natural science,UCA,0,,4.0,8.0,1.0,11.0,11.0,
I have read the terms and I accept the conditions [click here if you agree],Male,Yes,Medical and health science,Université Clermont Auvergne,0,,4.0,4.0,4.0,4.0,4.0,
I have read the terms and I accept the conditions [click here if you agree],Female,Yes,Humanities,Paul Valéry,0,,4.0,6.0,1.0,9.0,4.0,
I have read the terms and I accept the conditions [click here if you agree],Male,Yes,Engineering and technology,,0,,4.0,8.0,8.0,8.0,6.0,
I have read the terms and I accept the conditions [click here if you agree],Male,Yes,Engineering and technology,Polytech Clermont,0,,4.0,4.0,4.0,9.0,6.0,
I have read the terms and I accept the conditions [click here if you agree],Male,Yes,Engineering and technology,Polytech Clermont,1,0,4.0,8.0,3.0,9.0,3.0,
I have read the terms and I accept the conditions [click here if you agree],Female,Yes,Medical and health science,UFR STAPS Clermont,0,,4.0,7.0,3.0,11.0,8.0,
I have read the terms and I accept the conditions [click here if you agree],Female,Yes,Medical and health science,UFR biologie,1,0,4.0,9.0,7.0,11.0,6.0,
I have read the terms and I accept the conditions [click here if you agree],Male,Yes,Engineering and technology,,1,0,4.0,8.0,5.0,9.0,11.0,
I have read the terms and I accept the conditions [click here if you agree],No-binary,Yes,Natural science,Uca,0,,4.0,7.0,5.0,9.0,4.0,
I have read the terms and I accept the conditions [click here if you agree],Female,Yes,Natural science,Uca,0,,4.0,7.0,1.0,11.0,7.0,
I have read the terms and I accept the conditions [click here if you agree],Male,Yes,Engineering and technology,Polytech,0,,4.0,8.0,7.0,11.0,7.0,
I have read the terms and I accept the conditions [click here if you agree],Male,Yes,Engineering and technology,Sigma,0,,4.0,8.0,2.0,9.0,6.0,
I have read the terms and I accept the conditions [click here if you agree],Female,Yes,Natural science,Polytech,0,,4.0,4.0,2.0,11.0,4.0,
I have read the terms and I accept the conditions [click here if you agree],Male,Yes,Natural science,Cezeau,0,,4.0,8.0,1.0,10.0,9.0,
I have read the terms and I accept the conditions [click here if you agree],Male,Yes,Medical and health science,,1,0,4.0,4.0,4.0,5.0,5.0,
I have read the terms and I accept the conditions [click here if you agree],Female,Yes,Medical and health science,Cézeaux et faculté de médecine,0,,4.0,4.0,1.0,11.0,6.0,
I have read the terms and I accept the conditions [click here if you agree],Female,Yes,Engineering and technology,Polytech,1,0,4.0,5.0,5.0,4.0,3.0,
I have read the terms and I accept the conditions [click here if you agree],Male,Yes,Engineering and technology,,0,,4.0,8.0,6.0,11.0,11.0,
I have read the terms and I accept the conditions [click here if you agree],Transgender,Yes,Engineering and technology,,0,,4.0,10.0,6.0,11.0,11.0,
I have read the terms and I accept the conditions [click here if you agree],Male,Yes,Engineering and technology,,0,,4.0,4.0,4.0,11.0,11.0,
I have read the terms and I accept the conditions [click here if you agree],Male,Yes,Engineering and technology,Université Clermont-Auvergne,0,,4.0,6.0,5.0,10.0,8.0,"Il faudrait qu'en ces temps, une telle application soit installée par défaut. Cependant cela causerai quelques conflit ave les personnes pouvant être contres. Certains ne veulent pas pouvoir être tracer, d'autres ne sont pas déranger. Donc l'avis de la majorité doit-il primer sur celui de la minorité ?Je sait pas. Mais je pense qu'une telle application présenterai bien plus d'avantages que d'inconvénients."
I have read the terms and I accept the conditions [click here if you agree],Female,Yes,Natural science,UCA,0,,4.0,5.0,1.0,11.0,6.0,
I have read the terms and I accept the conditions [click here if you agree],Male,Yes,Engineering and technology,,0,,4.0,9.0,2.0,9.0,9.0,
I have read the terms and I accept the conditions [click here if you agree],Female,Yes,Natural science,uca,0,,4.0,10.0,4.0,11.0,9.0,
I have read the terms and I accept the conditions [click here if you agree],Female,Yes,Humanities,Paris 1,0,,4.0,9.0,1.0,11.0,11.0,"My favourite would really be not to habe any app to use. I really dislike the fact that I would NEED a smartphone + and application EVERYWHERE and AT ANY TIME. Regardless of how greatly my data is protected, I believe it restrictis way to much my freedom, and fundamental rights."
I have read the terms and I accept the conditions [click here if you agree],Female,Yes,Medical and health science,UFR Pharmacie,1,1,4.0,8.0,7.0,10.0,4.0,
I have read the terms and I accept the conditions [click here if you agree],Male,Yes,Medical and health science,,0,,4.0,7.0,1.0,11.0,6.0,
I have read the terms and I accept the conditions [click here if you agree],Female,Yes,Humanities,Carnot,1,0,4.0,7.0,5.0,10.0,7.0,
I have read the terms and I accept the conditions [click here if you agree],No-binary,Yes,Humanities,Université Paris 1 Panthéon Sorbonne,0,,4.0,6.0,3.0,10.0,6.0,
I have read the terms and I accept the conditions [click here if you agree],Female,Yes,Social science,Université d'AvigNo,0,,4.0,9.0,3.0,7.0,7.0,"Personnellement, le fait de vivre dans un pays où un couvre feu est institué, mes mouvements sont déjà réglementés et contraints depuis un an.. tout cela m’effraie, j’ai l’impression d’être dans un épisode de black mirror donc je ne veux pas donner encore au gouvernement un moyen de me contrôler."
I have read the terms and I accept the conditions [click here if you agree],Female,Yes,Humanities,Universtié d'AvigNo,0,,4.0,8.0,8.0,11.0,7.0,
,Female,Yes,Humanities,Universtié d'AvigNo,1,1,4.0,9.0,3.0,11.0,6.0,
,Female,Yes,Medical and health science,Universtié d'AvigNo,0,,4.0,5.0,5.0,9.0,4.0,
,Female,Yes,Medical and health science,Universtié d'AvigNo,0,,4.0,3.0,3.0,3.0,3.0,
I have read the terms and I accept the conditions [click here if you agree],Male,Yes,Engineering and technology,centralesupélec,0,,5.0,6.0,3.0,11.0,11.0,
I have read the terms and I accept the conditions [click here if you agree],Male,Yes,Engineering and technology,CentraleSupélec,1,0,5.0,7.0,3.0,9.0,5.0,
I have read the terms and I accept the conditions [click here if you agree],Male,Yes,Social science,Université Côte d'Azur,1,0,5.0,8.0,3.0,8.0,7.0,"En fait, l'applicaation que j'ai téléchargé, m'a demandé d'utiliser le bluetooth, donc c'est pour ça que je l'ai effacé"
I have read the terms and I accept the conditions [click here if you agree],Female,Yes,Social science,Université Paris 1 Panthéon Sorbonne,0,,5.0,9.0,4.0,9.0,8.0,
I have read the terms and I accept the conditions [click here if you agree],Female,Yes,Engineering and technology,Université de Lille,1,1,5.0,5.0,5.0,5.0,5.0,
I have read the terms and I accept the conditions [click here if you agree],Male,Yes,Engineering and technology,Paris 1,0,,5.0,5.0,1.0,11.0,11.0,"Le problème avec les sociétés privées n'est pas la protection des données ou le fait que le code soit propriétaire, c'est plutôt qu'elles ont des intérêts économiques à récupérer la moindre information sur vous et qu'il est très fastidieux voire impossible de contrôler les données qu'elles récoltent nous concernant. De plus, les sociétés privées échangent entre-elles les informations qu'elles possèdent sur leurs utilisateurs sans en avertir ce dernier."
I have read the terms and I accept the conditions [click here if you agree],Female,Yes,Medical and health science,Université de Paris,0,,5.0,6.0,6.0,8.0,3.0,
I have read the terms and I accept the conditions [click here if you agree],Female,Yes,Engineering and technology,,1,1,5.0,8.0,8.0,11.0,8.0,
I have read the terms and I accept the conditions [click here if you agree],Female,Yes,Social science,Université de Lille,0,,5.0,7.0,3.0,11.0,8.0,
I have read the terms and I accept the conditions [click here if you agree],Female,Yes,Social science,Ucly,0,,5.0,4.0,4.0,11.0,6.0,
I have read the terms and I accept the conditions [click here if you agree],Female,Yes,Humanities,Faculté droit  LYON 3 Manufacture des Tabacs,0,,5.0,5.0,3.0,11.0,6.0,
I have read the terms and I accept the conditions [click here if you agree],Female,Yes,Medical and health science,Faculté de Claude Bernard Lyon 1,0,,5.0,3.0,3.0,11.0,11.0,
I have read the terms and I accept the conditions [click here if you agree],Female,Yes,Social science,Esdes business school,0,,5.0,4.0,3.0,4.0,3.0,
I have read the terms and I accept the conditions [click here if you agree],Female,Yes,Medical and health science,Ecole d’orthophonie,0,,5.0,5.0,5.0,11.0,7.0,
I have read the terms and I accept the conditions [click here if you agree],Male,Yes,Natural science,,0,,5.0,6.0,2.0,11.0,9.0,
I have read the terms and I accept the conditions [click here if you agree],Male,Yes,Natural science,,0,,5.0,7.0,7.0,7.0,8.0,
I have read the terms and I accept the conditions [click here if you agree],Male,Yes,Social science,Université clermont Auvergne,0,,5.0,8.0,3.0,9.0,9.0,
I have read the terms and I accept the conditions [click here if you agree],Female,Yes,Engineering and technology,Polytech + fac,0,,5.0,7.0,3.0,11.0,6.0,
I have read the terms and I accept the conditions [click here if you agree],Male,Yes,Natural science,Clermont Ferrand Université,0,,5.0,8.0,2.0,7.0,10.0,
I have read the terms and I accept the conditions [click here if you agree],Male,Yes,Humanities,CPGE Blaise Pascal de Clermont-Ferrand,0,,5.0,8.0,1.0,11.0,10.0,
I have read the terms and I accept the conditions [click here if you agree],Female,Yes,Medical and health science,UCA Cezeaux,0,,5.0,5.0,7.0,5.0,5.0,
I have read the terms and I accept the conditions [click here if you agree],Female,Yes,Natural science,UCA UFR Biologie,0,,5.0,6.0,6.0,7.0,5.0,
I have read the terms and I accept the conditions [click here if you agree],Female,Yes,Natural science,Université de Clermont Auvergne,0,,5.0,10.0,9.0,10.0,9.0,Aucun
I have read the terms and I accept the conditions [click here if you agree],Male,Yes,Natural science,UCA - UFR Biologie,0,,5.0,8.0,4.0,11.0,11.0,
I have read the terms and I accept the conditions [click here if you agree],Male,Yes,Natural science,,0,,5.0,8.0,3.0,8.0,11.0,
I have read the terms and I accept the conditions [click here if you agree],Female,Yes,Medical and health science,Uca,0,,5.0,7.0,6.0,9.0,8.0,
I have read the terms and I accept the conditions [click here if you agree],Male,Yes,Engineering and technology,Université Clermont Auvergne,0,,5.0,6.0,6.0,11.0,9.0,
I have read the terms and I accept the conditions [click here if you agree],Male,Yes,Engineering and technology,Sigma Clermont,0,,5.0,10.0,4.0,7.0,10.0,
I have read the terms and I accept the conditions [click here if you agree],Male,Yes,Engineering and technology,Polytech,0,,5.0,7.0,2.0,5.0,5.0,
I have read the terms and I accept the conditions [click here if you agree],Female,Yes,Natural science,UCA,0,,5.0,5.0,5.0,6.0,6.0,
I have read the terms and I accept the conditions [click here if you agree],Female,Yes,Engineering and technology,Polytech,0,,5.0,5.0,3.0,11.0,7.0,
I have read the terms and I accept the conditions [click here if you agree],Male,Yes,Engineering and technology,Polytech,1,0,5.0,8.0,6.0,10.0,8.0,
I have read the terms and I accept the conditions [click here if you agree],Female,Yes,Natural science,Polytech Clermont,0,,5.0,6.0,4.0,7.0,6.0,
I have read the terms and I accept the conditions [click here if you agree],Female,Yes,Natural science,,0,,5.0,5.0,1.0,11.0,11.0,
I have read the terms and I accept the conditions [click here if you agree],Female,Yes,Natural science,,0,,5.0,7.0,6.0,9.0,6.0,
I have read the terms and I accept the conditions [click here if you agree],Female,Yes,Engineering and technology,Polytech Clermont,1,0,5.0,5.0,5.0,5.0,4.0,
I have read the terms and I accept the conditions [click here if you agree],Female,Yes,Engineering and technology,Polytech Clermont,0,,5.0,5.0,5.0,5.0,4.0,
I have read the terms and I accept the conditions [click here if you agree],Male,Yes,Engineering and technology,SIGMA,0,,5.0,10.0,7.0,10.0,10.0,
I have read the terms and I accept the conditions [click here if you agree],Female,Yes,Engineering and technology,,1,0,5.0,5.0,1.0,10.0,5.0,
I have read the terms and I accept the conditions [click here if you agree],Female,Yes,Medical and health science,,0,,5.0,6.0,3.0,11.0,11.0,
I have read the terms and I accept the conditions [click here if you agree],Female,Yes,Engineering and technology,Polytech Clermont-Ferrand,0,,5.0,8.0,6.0,11.0,11.0,
I have read the terms and I accept the conditions [click here if you agree],Female,Yes,Engineering and technology,,0,,5.0,7.0,6.0,10.0,5.0,
I have read the terms and I accept the conditions [click here if you agree],Female,Yes,Social science,Paris 2,1,0,5.0,6.0,2.0,10.0,6.0,J’ai installé une application de traçage covid mais pas française. C’était pour un voyage.
I have read the terms and I accept the conditions [click here if you agree],Male,Yes,Humanities,,0,,5.0,8.0,2.0,8.0,10.0,
I have read the terms and I accept the conditions [click here if you agree],Female,Yes,Social science,,1,0,5.0,5.0,5.0,5.0,5.0,
I have read the terms and I accept the conditions [click here if you agree],Male,Yes,Medical and health science,IFMEM,0,,5.0,5.0,7.0,11.0,6.0,
I have read the terms and I accept the conditions [click here if you agree],Female,Yes,Humanities,Ecole de Droit,1,0,5.0,7.0,6.0,7.0,6.0,
I have read the terms and I accept the conditions [click here if you agree],Gender No-conforming,Yes,Medical and health science,Université Grenoble Alpes Annexe de Valence,1,1,5.0,8.0,4.0,11.0,6.0,
I have read the terms and I accept the conditions [click here if you agree],Female,Yes,Social science,Université d'AvigNo,0,,5.0,6.0,4.0,11.0,5.0,Ces applications de traçage sont une menace pour la liberté d’autrui
I have read the terms and I accept the conditions [click here if you agree],Female,Yes,Social science,Université d'AvigNo,0,,5.0,6.0,6.0,9.0,3.0,Ces applications de traçage Covid-19 semblent trop intrusives dans la vie des citoyens. Cela ressemble à un autre moyen de contrôler et surveiller la population. Ça rappelle l’ouvrage « 1984 » Georges
I have read the terms and I accept the conditions [click here if you agree],Female,Yes,Humanities,Université d'AvigNo,0,,5.0,10.0,3.0,6.0,2.0,
,Female,Yes,Social science,Universtié d'AvigNo,0,,5.0,7.0,3.0,11.0,6.0,
,Male,Yes,Humanities,Universtié d'AvigNo,0,,5.0,6.0,2.0,11.0,6.0,
I have read the terms and I accept the conditions [click here if you agree],Male,Yes,Engineering and technology,CentraleSupélec,1,0,6.0,6.0,3.0,9.0,5.0,
I have read the terms and I accept the conditions [click here if you agree],Male,Yes,Engineering and technology,Université de Lille/ENS Paris,1,1,6.0,10.0,3.0,8.0,11.0,"Pour moi, l'open source est une condition à une réelle protection des données, en tout cas pour ce qui est de ma confiance."
I have read the terms and I accept the conditions [click here if you agree],Male,Yes,Engineering and technology,Centrale Lille,0,,6.0,5.0,7.0,11.0,1.0,No
I have read the terms and I accept the conditions [click here if you agree],Male,Yes,Engineering and technology,INSA,0,,6.0,9.0,4.0,11.0,11.0,"En théorie c'est migNo, dans la pratique, il n'y a aucun moyen de savoir si le code qui est déployé pour l'application correspond au code qui est donné en open source, en particulier sur le serveur :
- Je présente un code source qui ne permet pas à n'importe qui d'accéder aux données
- En réalité sur le serveur, je compile et déploie volontairement une version légèrement altérée qui possède une faille permettant d'accéder aux données."
I have read the terms and I accept the conditions [click here if you agree],Female,Yes,Social science,,1,0,6.0,8.0,8.0,9.0,5.0,
I have read the terms and I accept the conditions [click here if you agree],Male,Yes,Social science,Clermont Auvergne University,1,0,6.0,10.0,3.0,11.0,8.0,
I have read the terms and I accept the conditions [click here if you agree],Female,Yes,Engineering and technology,Polytech Clermont,0,,6.0,8.0,4.0,4.0,4.0,
I have read the terms and I accept the conditions [click here if you agree],Male,Yes,Social science,UFR staps clf,0,,6.0,7.0,2.0,7.0,7.0,
I have read the terms and I accept the conditions [click here if you agree],Female,Yes,Natural science,Les Cézaux Université Clermont Auvergne,0,,6.0,7.0,4.0,10.0,8.0,"Ce genre d'applications sachant tout sur nous (position GPS, infos perso etc) pourrait être utilisées par le gouvernement à des fins de surveillance des populations. Je n'ai pas confiance en eux."
I have read the terms and I accept the conditions [click here if you agree],Female,Yes,Medical and health science,,0,,6.0,8.0,4.0,10.0,9.0,
I have read the terms and I accept the conditions [click here if you agree],Male,Yes,Social science,Cité scientifique Lille,0,,6.0,7.0,6.0,9.0,7.0,
I have read the terms and I accept the conditions [click here if you agree],Male,Yes,Engineering and technology,Polytech Clermont,1,0,6.0,9.0,3.0,8.0,2.0,
I have read the terms and I accept the conditions [click here if you agree],Female,Yes,Natural science,Uca,1,1,6.0,7.0,4.0,10.0,5.0,
I have read the terms and I accept the conditions [click here if you agree],Female,Yes,Natural science,UCA,0,,6.0,5.0,3.0,8.0,6.0,
I have read the terms and I accept the conditions [click here if you agree],Male,Yes,Natural science,Iut clermont-Auvergne,0,,6.0,8.0,5.0,9.0,7.0,
I have read the terms and I accept the conditions [click here if you agree],Female,Yes,Medical and health science,Campus des cézeaux et faculté de médecine,0,,6.0,6.0,5.0,8.0,6.0,
I have read the terms and I accept the conditions [click here if you agree],Female,Yes,Engineering and technology,Polytech,0,,6.0,7.0,6.0,6.0,6.0,
I have read the terms and I accept the conditions [click here if you agree],Female,Yes,Engineering and technology,Sigma,0,,6.0,5.0,4.0,8.0,5.0,
I have read the terms and I accept the conditions [click here if you agree],Female,Yes,Engineering and technology,Sigma,1,1,6.0,6.0,4.0,10.0,10.0,
I have read the terms and I accept the conditions [click here if you agree],Male,Yes,Engineering and technology,Clermont Ferrand,1,0,6.0,9.0,3.0,11.0,6.0,
I have read the terms and I accept the conditions [click here if you agree],Male,Yes,Engineering and technology,,0,,6.0,9.0,1.0,8.0,8.0,
I have read the terms and I accept the conditions [click here if you agree],Female,Yes,Medical and health science,Uca,1,1,6.0,7.0,5.0,11.0,7.0,
I have read the terms and I accept the conditions [click here if you agree],Male,Yes,Engineering and technology,,0,,6.0,8.0,5.0,7.0,9.0,
I have read the terms and I accept the conditions [click here if you agree],Male,Yes,Engineering and technology,Université de Clermont Auvergne,1,1,6.0,6.0,6.0,9.0,7.0,
I have read the terms and I accept the conditions [click here if you agree],Male,Yes,Engineering and technology,UCA,1,0,6.0,9.0,3.0,10.0,6.0,
I have read the terms and I accept the conditions [click here if you agree],Male,Yes,Engineering and technology,"ISIMA, Clermont-Ferrand",0,,6.0,9.0,4.0,10.0,10.0,
I have read the terms and I accept the conditions [click here if you agree],Male,Yes,Engineering and technology,,1,0,6.0,7.0,7.0,9.0,8.0,
I have read the terms and I accept the conditions [click here if you agree],Female,Yes,Engineering and technology,université Clermont-auvergne,0,,6.0,5.0,4.0,10.0,6.0,
I have read the terms and I accept the conditions [click here if you agree],Female,Yes,Medical and health science,,0,,6.0,7.0,8.0,8.0,7.0,
I have read the terms and I accept the conditions [click here if you agree],Male,Yes,Humanities,École Supérieure de Journalisme - Paris,0,,6.0,6.0,7.0,5.0,6.0,
I have read the terms and I accept the conditions [click here if you agree],Male,Yes,Engineering and technology,Ecole Nationale des Sciences Géographiques,1,0,6.0,9.0,4.0,10.0,2.0,"I feel like they're useful, but i've just been staying at home mostly so I never remember to turn them on when i leave. I'm glad that data security is being taken seriously here, and I trust the government to do that in this case. At least they're somewhat accountable, contrary to other big companies like facebook which need to make a profit to survive.
Covid tracing apps pretty useful in theory, however i feel that awareness is already high enough without the app. Transissions between friends or at work will be discussed directly. Better than a tracing app would be means to reduce exposure in public transport."
I have read the terms and I accept the conditions [click here if you agree],Female,Yes,Social science,UCA,0,,6.0,6.0,7.0,9.0,5.0,
I have read the terms and I accept the conditions [click here if you agree],Female,Yes,Humanities,Université Paris 1 Panthéon Sorbonne,0,,6.0,9.0,5.0,3.0,9.0,
I have read the terms and I accept the conditions [click here if you agree],Female,Yes,Engineering and technology,,0,,6.0,10.0,2.0,11.0,9.0,"believing that technological gadget can replace proper funding of hospitals and good logistic is extremely naive. When we weight the benefits of such apps and the risk of being used to surveillance and massive collect of sensitive data, tracking app are irrelevant."
I have read the terms and I accept the conditions [click here if you agree],Male,Yes,Engineering and technology,,1,1,6.0,9.0,4.0,10.0,6.0,
I have read the terms and I accept the conditions [click here if you agree],Male,Yes,Humanities,Université Paris 1 Panthéon Sorbonne,0,,6.0,7.0,5.0,9.0,6.0,
I have read the terms and I accept the conditions [click here if you agree],Male,Yes,Engineering and technology,Imperial College London,0,,7.0,9.0,5.0,11.0,4.0,
I have read the terms and I accept the conditions [click here if you agree],Male,Yes,Engineering and technology,,0,,7.0,7.0,5.0,10.0,8.0,
I have read the terms and I accept the conditions [click here if you agree],Male,Yes,Engineering and technology,,0,,7.0,8.0,4.0,8.0,11.0,
I have read the terms and I accept the conditions [click here if you agree],Male,Yes,Engineering and technology,CentraleSupélec,1,0,7.0,9.0,5.0,10.0,7.0,
I have read the terms and I accept the conditions [click here if you agree],Female,Yes,Natural science,Université de Lille (Cité scientifique),0,,7.0,10.0,4.0,11.0,8.0,
I have read the terms and I accept the conditions [click here if you agree],Female,Yes,Social science,Université de Lille - Cité scientifique,0,,7.0,7.0,7.0,8.0,7.0,
I have read the terms and I accept the conditions [click here if you agree],Male,Yes,Natural science,Université de Lille,1,0,7.0,5.0,2.0,8.0,8.0,
I have read the terms and I accept the conditions [click here if you agree],Male,Yes,Engineering and technology,Université de Lille,1,1,7.0,9.0,6.0,9.0,7.0,"j'ai du désinstaller et réinstaller plusieurs fois tous-anti covid (bugs). Si je ne suis pas le seul, le nombre d'utilisateurs actifs du gvt et grossièrement surévalué.

Ah et j'ai mis Ingenere mais je suis en maths... dur de savoir la case à cocher!"
I have read the terms and I accept the conditions [click here if you agree],Male,Yes,Engineering and technology,Tolbiac,0,,7.0,9.0,7.0,11.0,8.0,
I have read the terms and I accept the conditions [click here if you agree],Female,Yes,Engineering and technology,Lille 1,1,1,7.0,8.0,4.0,10.0,6.0,
I have read the terms and I accept the conditions [click here if you agree],Female,Yes,Engineering and technology,Université de Lille - Laboratoire Paul Painlevé,0,,7.0,10.0,6.0,11.0,9.0,
I have read the terms and I accept the conditions [click here if you agree],Male,Yes,Engineering and technology,,0,,7.0,8.0,4.0,11.0,11.0,
I have read the terms and I accept the conditions [click here if you agree],Female,Yes,Engineering and technology,,0,,7.0,8.0,4.0,11.0,11.0,
I have read the terms and I accept the conditions [click here if you agree],Female,Yes,Engineering and technology,,1,1,7.0,8.0,7.0,11.0,5.0,
I have read the terms and I accept the conditions [click here if you agree],Male,Yes,Engineering and technology,Université Paris I,1,1,7.0,9.0,4.0,11.0,11.0,"Je pense que tant que c’est open source, transparent et sécurisé il n’y a pas de souci."
I have read the terms and I accept the conditions [click here if you agree],Male,Yes,Engineering and technology,,0,,7.0,11.0,2.0,11.0,9.0,
I have read the terms and I accept the conditions [click here if you agree],Male,Yes,Humanities,,1,1,7.0,11.0,5.0,11.0,11.0,
I have read the terms and I accept the conditions [click here if you agree],Female,Yes,Engineering and technology,Isima,0,,7.0,10.0,3.0,11.0,10.0,
I have read the terms and I accept the conditions [click here if you agree],Female,Yes,Natural science,,1,1,7.0,8.0,6.0,9.0,6.0,
I have read the terms and I accept the conditions [click here if you agree],Female,Yes,Social science,École de droit de Clermont-Ferrand,0,,7.0,7.0,4.0,11.0,6.0,
I have read the terms and I accept the conditions [click here if you agree],Female,Yes,Social science,,1,0,7.0,8.0,7.0,11.0,7.0,
I have read the terms and I accept the conditions [click here if you agree],Male,Yes,Engineering and technology,SIGMA,1,0,7.0,7.0,6.0,11.0,7.0,
I have read the terms and I accept the conditions [click here if you agree],Female,Yes,Natural science,,0,,7.0,6.0,4.0,9.0,6.0,
I have read the terms and I accept the conditions [click here if you agree],Female,Yes,Engineering and technology,Polytech,0,,7.0,8.0,6.0,9.0,9.0,
I have read the terms and I accept the conditions [click here if you agree],Female,Yes,Humanities,Fac de droit,0,,7.0,7.0,5.0,8.0,6.0,
I have read the terms and I accept the conditions [click here if you agree],Male,Yes,Engineering and technology,UCA,1,1,7.0,7.0,7.0,5.0,5.0,
I have read the terms and I accept the conditions [click here if you agree],Male,Yes,Medical and health science,,0,,7.0,6.0,4.0,9.0,7.0,
I have read the terms and I accept the conditions [click here if you agree],Male,Yes,Natural science,Les cezeaux uca,0,,7.0,7.0,4.0,8.0,6.0,
I have read the terms and I accept the conditions [click here if you agree],Male,Yes,Engineering and technology,SIGMA CLERMONT CPI CHIMIE,0,,7.0,10.0,8.0,7.0,9.0,
I have read the terms and I accept the conditions [click here if you agree],Male,Yes,Natural science,Ufr staps,1,1,7.0,7.0,7.0,10.0,8.0,
I have read the terms and I accept the conditions [click here if you agree],Gender No-conforming,Yes,Engineering and technology,UCA,0,,7.0,4.0,1.0,7.0,11.0,
I have read the terms and I accept the conditions [click here if you agree],Female,Yes,Humanities,UCA,1,1,7.0,8.0,1.0,10.0,6.0,
I have read the terms and I accept the conditions [click here if you agree],Female,Yes,Engineering and technology,Sigma Clermont,1,0,7.0,8.0,2.0,11.0,5.0,
I have read the terms and I accept the conditions [click here if you agree],Male,Yes,Engineering and technology,SIGMA CLERMONT,1,1,7.0,10.0,8.0,10.0,9.0,
I have read the terms and I accept the conditions [click here if you agree],Male,Yes,Engineering and technology,Polytech,1,0,7.0,7.0,5.0,9.0,6.0,
I have read the terms and I accept the conditions [click here if you agree],Male,Yes,Engineering and technology,Polytech,0,,7.0,7.0,4.0,10.0,5.0,
I have read the terms and I accept the conditions [click here if you agree],Male,Yes,Natural science,UCA,1,1,7.0,6.0,7.0,9.0,7.0,0
I have read the terms and I accept the conditions [click here if you agree],Female,Yes,Natural science,Université Clermont Auvergne,1,0,7.0,7.0,3.0,11.0,5.0,Les applications Covid ne sont pas utiles car elles sont faciles de tromper et ne sont pas bien contrôlées
I have read the terms and I accept the conditions [click here if you agree],Female,Yes,Natural science,UCA,0,,7.0,7.0,6.0,11.0,5.0,
I have read the terms and I accept the conditions [click here if you agree],Male,Yes,Engineering and technology,Sigma,1,0,7.0,8.0,4.0,7.0,4.0,
I have read the terms and I accept the conditions [click here if you agree],Male,Yes,Engineering and technology,,0,,7.0,9.0,4.0,8.0,7.0,
I have read the terms and I accept the conditions [click here if you agree],Male,Yes,Engineering and technology,SIGMA,1,0,7.0,9.0,8.0,7.0,10.0,
I have read the terms and I accept the conditions [click here if you agree],Male,Yes,Engineering and technology,,0,,7.0,7.0,3.0,11.0,8.0,
I have read the terms and I accept the conditions [click here if you agree],Male,Yes,Engineering and technology,IUT Informatique,0,,7.0,9.0,5.0,11.0,8.0,
I have read the terms and I accept the conditions [click here if you agree],Male,Yes,Engineering and technology,Iut informatique sur le campus des cezeau,0,,7.0,9.0,7.0,11.0,8.0,Je l'idée d'être tracé en permanence me gêne.
I have read the terms and I accept the conditions [click here if you agree],Male,Yes,Engineering and technology,Iut Informatique des Cézeaux,0,,7.0,8.0,4.0,9.0,6.0,
I have read the terms and I accept the conditions [click here if you agree],Male,Yes,Engineering and technology,IUT informatique,1,0,7.0,8.0,3.0,10.0,8.0,
I have read the terms and I accept the conditions [click here if you agree],Male,Yes,Engineering and technology,IUT Informatique de Clermont-Ferrand,1,0,7.0,8.0,5.0,10.0,7.0,
I have read the terms and I accept the conditions [click here if you agree],Male,Yes,Engineering and technology,Université Clermont Auvergne,0,,7.0,8.0,5.0,11.0,11.0,
I have read the terms and I accept the conditions [click here if you agree],Female,Yes,Engineering and technology,,0,,7.0,9.0,3.0,10.0,10.0,
I have read the terms and I accept the conditions [click here if you agree],Female,Yes,Engineering and technology,,0,,7.0,9.0,4.0,10.0,10.0,
I have read the terms and I accept the conditions [click here if you agree],Male,Yes,Engineering and technology,Universités Clermont Auvergne,1,0,7.0,10.0,3.0,11.0,3.0,
I have read the terms and I accept the conditions [click here if you agree],Male,Yes,Engineering and technology,Isima,1,0,7.0,9.0,7.0,7.0,9.0,
I have read the terms and I accept the conditions [click here if you agree],Male,Yes,Engineering and technology,,1,0,7.0,4.0,1.0,11.0,4.0,
I have read the terms and I accept the conditions [click here if you agree],Female,Yes,Social science,UCA droit Clermont Ferrand,0,,7.0,5.0,4.0,7.0,5.0,
I have read the terms and I accept the conditions [click here if you agree],Female,Yes,Humanities,Ufr staps,0,,7.0,7.0,5.0,10.0,8.0,
I have read the terms and I accept the conditions [click here if you agree],Female,Yes,Humanities,UCA,0,,7.0,6.0,4.0,10.0,7.0,
I have read the terms and I accept the conditions [click here if you agree],Female,Yes,Social science,Université clermont auvergne,0,,7.0,9.0,4.0,11.0,9.0,
I have read the terms and I accept the conditions [click here if you agree],Female,Yes,Medical and health science,Angers,1,0,7.0,7.0,4.0,10.0,6.0,
I have read the terms and I accept the conditions [click here if you agree],Female,Yes,Humanities,Université d'AvigNo,0,,7.0,6.0,5.0,9.0,8.0,
I have read the terms and I accept the conditions [click here if you agree],Female,Yes,Social science,Université d'AvigNo,0,,7.0,8.0,4.0,7.0,6.0,J’ai voulu activer les notifications d’exposition sur mon iPhone mais je n’ai pas pas pu le faire car le gouvernement français n’a pas autorisé cette fonctionnalité.
,Male,Yes,Social science,Universtié d'AvigNo,0,,7.0,9.0,5.0,11.0,7.0,
I have read the terms and I accept the conditions [click here if you agree],Female,Yes,Engineering and technology,,1,0,8.0,10.0,8.0,11.0,9.0,
I have read the terms and I accept the conditions [click here if you agree],Male,Yes,Engineering and technology,,1,0,8.0,11.0,3.0,11.0,3.0,
I have read the terms and I accept the conditions [click here if you agree],Female,Yes,Engineering and technology,CentraleSupélec,1,0,8.0,5.0,2.0,11.0,6.0,
I have read the terms and I accept the conditions [click here if you agree],Male,Yes,Engineering and technology,CentraleSupélec,1,1,8.0,8.0,8.0,9.0,11.0,
I have read the terms and I accept the conditions [click here if you agree],Male,Yes,Engineering and technology,CentraleSupélec,1,0,8.0,10.0,6.0,11.0,11.0,
I have read the terms and I accept the conditions [click here if you agree],Male,Yes,Engineering and technology,Université de Lille,1,1,8.0,7.0,5.0,10.0,9.0,
I have read the terms and I accept the conditions [click here if you agree],Female,Yes,Social science,Université de Lille,1,0,8.0,6.0,6.0,11.0,9.0,
I have read the terms and I accept the conditions [click here if you agree],Female,Yes,Social science,Université de Lille,1,0,8.0,8.0,7.0,11.0,5.0,
I have read the terms and I accept the conditions [click here if you agree],Male,Yes,Natural science,Université de Lille,0,,8.0,10.0,7.0,10.0,7.0,
I have read the terms and I accept the conditions [click here if you agree],Male,Yes,Engineering and technology,Centrale Lille,0,,8.0,11.0,7.0,10.0,9.0,
I have read the terms and I accept the conditions [click here if you agree],Male,Yes,Engineering and technology,Sorbonne Université + CNAM,1,1,8.0,11.0,4.0,11.0,10.0,"Le côté “intérêt collectif” peut passer par dessus l'intérêt privé dans ce genre de cas, me concernant — je suis plus prêt à accepter des situations No-idéales si elles viennent avec des garanties d'aider l'intérêt général au détriment du personnel, même si dans certaines limites (p.ex. cas extrême genre publication de l'historique de déplacement, c'est No malgré tout)."
I have read the terms and I accept the conditions [click here if you agree],Male,Yes,Natural science,Université de Lille,1,0,8.0,8.0,8.0,8.0,4.0,"Personnellement, ce qui me dérange avec les applications de traçage est le fait de devoir laisser actif mon GPS ou mon Bluetooth ou autre pendant toute la journée. Au risque de paraître peu renseigné, protéger mes données me semble important, mais pouvoir laisser mon téléphone sans GPS, données mobiles et Wi-fi l'est tout autant !"
I have read the terms and I accept the conditions [click here if you agree],Male,Yes,Engineering and technology,Sorbonne Université,1,0,8.0,8.0,5.0,8.0,11.0,"Le code serveur doit être open source aussi. Si possible, la base de donnée devrait être publique (si le protocole permet un aNoymat total)."
I have read the terms and I accept the conditions [click here if you agree],Male,Yes,Engineering and technology,École Centrale de Lille,0,,8.0,7.0,7.0,8.0,3.0,
I have read the terms and I accept the conditions [click here if you agree],Female,Yes,Humanities,,1,1,8.0,7.0,5.0,11.0,4.0,
I have read the terms and I accept the conditions [click here if you agree],Prefer not to say,Yes,Social science,Lyon 3,0,,8.0,7.0,7.0,9.0,6.0,
I have read the terms and I accept the conditions [click here if you agree],Female,Yes,Social science,Iae lyon,0,,8.0,7.0,5.0,9.0,4.0,
I have read the terms and I accept the conditions [click here if you agree],Female,Yes,Engineering and technology,Paris 1,1,1,8.0,7.0,2.0,11.0,11.0,
I have read the terms and I accept the conditions [click here if you agree],Male,Yes,Engineering and technology,Paris1 panthéon sorbonne,0,,8.0,10.0,3.0,11.0,8.0,
I have read the terms and I accept the conditions [click here if you agree],Female,Yes,Humanities,École de droit de Clermont-Ferrand,1,1,8.0,8.0,7.0,10.0,10.0,
I have read the terms and I accept the conditions [click here if you agree],Male,Yes,Engineering and technology,Sigma,0,,8.0,8.0,6.0,11.0,6.0,
I have read the terms and I accept the conditions [click here if you agree],Female,Yes,Engineering and technology,Sigma,1,0,8.0,7.0,1.0,8.0,6.0,
I have read the terms and I accept the conditions [click here if you agree],Female,Yes,Engineering and technology,POLYTECH,0,,8.0,7.0,6.0,10.0,6.0,
I have read the terms and I accept the conditions [click here if you agree],Male,Yes,Engineering and technology,DUT Mesures Physiques,0,,8.0,9.0,6.0,8.0,6.0,
I have read the terms and I accept the conditions [click here if you agree],Female,Yes,Natural science,uca,1,0,8.0,9.0,9.0,4.0,4.0,
I have read the terms and I accept the conditions [click here if you agree],Male,Yes,Natural science,,0,,8.0,11.0,1.0,11.0,6.0,Je sais pas j’en ai pas téléchargement
I have read the terms and I accept the conditions [click here if you agree],Male,Yes,Medical and health science,,1,1,8.0,9.0,8.0,8.0,8.0,"Au lieu de juste télécharger les applications de covid, faudrait que les gens arrêtent d'être des cons et qu'ils fassent un peu d'effort !!!!!"
I have read the terms and I accept the conditions [click here if you agree],Female,Yes,Engineering and technology,Sigma,1,0,8.0,9.0,5.0,10.0,7.0,
I have read the terms and I accept the conditions [click here if you agree],Male,Yes,Engineering and technology,Uca,1,1,8.0,7.0,7.0,10.0,6.0,
I have read the terms and I accept the conditions [click here if you agree],Female,Yes,Medical and health science,Fac de médecine,0,,8.0,8.0,4.0,10.0,6.0,
I have read the terms and I accept the conditions [click here if you agree],Male,Yes,Natural science,Uca,0,,8.0,10.0,7.0,11.0,8.0,
I have read the terms and I accept the conditions [click here if you agree],Male,Yes,Engineering and technology,ISIMA,0,,8.0,9.0,4.0,9.0,6.0,
I have read the terms and I accept the conditions [click here if you agree],Male,Yes,Engineering and technology,Iut clermont ferrand,0,,8.0,7.0,1.0,3.0,7.0,
I have read the terms and I accept the conditions [click here if you agree],Male,Yes,Natural science,Campus des cezaux,0,,8.0,5.0,9.0,8.0,5.0,
I have read the terms and I accept the conditions [click here if you agree],Female,Yes,Medical and health science,,1,0,8.0,7.0,7.0,7.0,5.0,
I have read the terms and I accept the conditions [click here if you agree],Female,Yes,Medical and health science,UCA,0,,8.0,8.0,5.0,8.0,6.0,
I have read the terms and I accept the conditions [click here if you agree],Female,Yes,Natural science,UCA,1,0,8.0,7.0,3.0,11.0,11.0,
I have read the terms and I accept the conditions [click here if you agree],Male,Yes,Engineering and technology,Sigma,0,,8.0,10.0,5.0,8.0,6.0,
I have read the terms and I accept the conditions [click here if you agree],Male,Yes,Engineering and technology,IUT d'Aubière,0,,8.0,8.0,5.0,11.0,5.0,
I have read the terms and I accept the conditions [click here if you agree],Male,Yes,Engineering and technology,UCA,0,,8.0,8.0,5.0,9.0,7.0,
I have read the terms and I accept the conditions [click here if you agree],Male,Yes,Engineering and technology,,1,0,8.0,3.0,5.0,11.0,4.0,
I have read the terms and I accept the conditions [click here if you agree],Female,Yes,Natural science,,0,,8.0,9.0,5.0,10.0,7.0,
I have read the terms and I accept the conditions [click here if you agree],Male,Yes,Engineering and technology,,0,,8.0,9.0,5.0,8.0,10.0,
I have read the terms and I accept the conditions [click here if you agree],No-binary,Yes,Engineering and technology,Université Clermont Auvergne,1,0,8.0,10.0,1.0,11.0,11.0,"Il me parait en aucun cas un organisme privé ne devrait pour avoir accès à des données aussi sensibles que celles des applications de traçage. C'est aux autorités et services publics (surtout les universités) de gérer la crise sanitaire. De plus, comme pour toute mesure des pouvoir public, il faut qu'elle soit transparente pour les citoyens, le code open source me parait donc être un impératif démocratique."
I have read the terms and I accept the conditions [click here if you agree],Female,Yes,Engineering and technology,,1,0,8.0,9.0,6.0,10.0,6.0,
I have read the terms and I accept the conditions [click here if you agree],Male,Yes,Humanities,ENS,0,,8.0,10.0,5.0,10.0,7.0,
I have read the terms and I accept the conditions [click here if you agree],Female,Yes,Social science,Sorbonne,0,,8.0,6.0,3.0,11.0,5.0,
I have read the terms and I accept the conditions [click here if you agree],Female,Yes,Engineering and technology,Dauphine,0,,8.0,6.0,3.0,7.0,5.0,
I have read the terms and I accept the conditions [click here if you agree],Female,Yes,Humanities,Faculté de droit à Clermont ferrand,0,,8.0,6.0,4.0,11.0,9.0,
I have read the terms and I accept the conditions [click here if you agree],Male,Yes,Medical and health science,,1,0,8.0,8.0,6.0,11.0,3.0,
I have read the terms and I accept the conditions [click here if you agree],Female,Yes,Medical and health science,Faculté de medecine et de pharmacie de Clermont-Ferrand,1,0,8.0,8.0,5.0,11.0,6.0,
I have read the terms and I accept the conditions [click here if you agree],Female,Yes,Medical and health science,,1,1,8.0,7.0,5.0,11.0,7.0,
I have read the terms and I accept the conditions [click here if you agree],Male,Yes,Engineering and technology,Isima,1,0,8.0,10.0,3.0,5.0,11.0,"Je pense qu'un code open source peu fiable est largement améliorable par de nombreuses personnes (linux en est un bon exemple). De plus, des avis peuvent être développés par des informaticiens sur un code open source. 
Enfin, je ne fais que très peu confiance aux organismes privés, qui sont pour moi susceptibles de se servir/vendre de ces données (ou les entreprises publiques financées par des... ""lobby"", ces dernier ayant un poids décisionnel)."
I have read the terms and I accept the conditions [click here if you agree],Female,Yes,Medical and health science,Faculté,0,,8.0,8.0,8.0,6.0,6.0,
I have read the terms and I accept the conditions [click here if you agree],Female,Yes,Medical and health science,FACULTÉ DE MÉDECINE ANGERS,0,,8.0,10.0,3.0,11.0,4.0,
I have read the terms and I accept the conditions [click here if you agree],Male,Yes,Engineering and technology,Cfp montplaisir,1,1,8.0,8.0,8.0,8.0,8.0,
I have read the terms and I accept the conditions [click here if you agree],Male,Yes,Humanities,Université Grenoble Alpes,1,1,8.0,7.0,5.0,10.0,7.0,
I have read the terms and I accept the conditions [click here if you agree],Male,Yes,Social science,,1,0,8.0,8.0,8.0,8.0,4.0,
I have read the terms and I accept the conditions [click here if you agree],Female,Yes,Medical and health science,Université de Montpellier,1,1,8.0,8.0,4.0,11.0,3.0,"De mon point de vue, de nombreux sites internet de nos jours utilisent nos propres données à leur avantage. Alors pourquoi pas partager les nôtres pour pouvoir avancer dans la crise sanitaire de la COVID-19. Mais, je pense que vu que c’est le gouvernement qui veut mettre en place ces applications, les personnes ont peur. Alors que pourtant, des sites internets utilisent leurs propres informations (comme les données de localisation). C’est mon ressenti. Ce que je dis n’est que mon point de vue. Merci :)"
I have read the terms and I accept the conditions [click here if you agree],Female,Yes,Engineering and technology,,0,,9.0,8.0,5.0,10.0,8.0,
I have read the terms and I accept the conditions [click here if you agree],Male,Yes,Engineering and technology,Centrale Lille; Université de Lille,1,0,9.0,8.0,6.0,8.0,8.0,
I have read the terms and I accept the conditions [click here if you agree],Female,Yes,Engineering and technology,Université de Lille,1,1,9.0,10.0,10.0,11.0,10.0,
I have read the terms and I accept the conditions [click here if you agree],Male,Yes,Engineering and technology,Tolbiac,1,0,9.0,8.0,2.0,10.0,10.0,
I have read the terms and I accept the conditions [click here if you agree],Male,Yes,Engineering and technology,Centrale Lille,0,,9.0,11.0,5.0,9.0,8.0,
I have read the terms and I accept the conditions [click here if you agree],Male,Yes,Engineering and technology,,1,1,9.0,9.0,5.0,5.0,7.0,
I have read the terms and I accept the conditions [click here if you agree],Male,Yes,Natural science,Université de Lille,1,1,9.0,11.0,3.0,11.0,1.0,Le fait que ces applications soient facultatifs les rendent inutiles. Je ne vois pas comment on pourrait informer les gens qui ont croisé une personne infecté si tous les gens n'ont pas l'application sur leur smartphone. Et ces applications ne sont pas toujours adaptés au hardware (l'utilisation du bluetooth a tendance à consommer beaucoup d'énergie). Enfin c'est pas toujours claire à quel points ces applications sont sécurisés.
I have read the terms and I accept the conditions [click here if you agree],Male,Yes,Engineering and technology,Paris Panthéon Sorbonne,0,,9.0,11.0,2.0,10.0,6.0,
I have read the terms and I accept the conditions [click here if you agree],Female,Yes,Engineering and technology,Paris 1 Panthéon Sorbonne,1,1,9.0,8.0,5.0,11.0,11.0,
I have read the terms and I accept the conditions [click here if you agree],Male,Yes,Engineering and technology,paris Panthéon Sorbonne Tolbiac,0,,9.0,11.0,1.0,11.0,3.0,
I have read the terms and I accept the conditions [click here if you agree],Female,Yes,Humanities,Université catholique de lyon,0,,9.0,9.0,7.0,11.0,11.0,
I have read the terms and I accept the conditions [click here if you agree],Male,Yes,Engineering and technology,,1,0,9.0,9.0,7.0,11.0,8.0,
I have read the terms and I accept the conditions [click here if you agree],Male,Yes,Engineering and technology,,0,,9.0,9.0,8.0,11.0,11.0,
I have read the terms and I accept the conditions [click here if you agree],Male,Yes,Engineering and technology,Université Clermont Auvergne,1,0,9.0,11.0,3.0,11.0,11.0,J'ai pour ma part du mal à décorréler protection des données et open source. Si une application propriétaire dit être sûre : comment le vérifier ? L'open source permet à minima à plusieurs tiers de vérifier la conformité du chiffrage des données ou de la protection que l'application assure.
I have read the terms and I accept the conditions [click here if you agree],Female,Yes,Engineering and technology,Polytech,0,,9.0,10.0,3.0,9.0,6.0,
I have read the terms and I accept the conditions [click here if you agree],Male,Yes,Natural science,Université Clermont Auvergne,0,,9.0,8.0,8.0,9.0,9.0,
I have read the terms and I accept the conditions [click here if you agree],Male,Yes,Natural science,Université Clermont Auvergne,1,0,9.0,9.0,8.0,10.0,3.0,
I have read the terms and I accept the conditions [click here if you agree],Male,Yes,Engineering and technology,PREP'ISIMA,1,1,9.0,11.0,6.0,11.0,9.0,
I have read the terms and I accept the conditions [click here if you agree],Male,Yes,Engineering and technology,ISIMA,0,,9.0,7.0,6.0,9.0,7.0,"Je pense qu'une application de traçage n'esr réellement efficace qu'à condition qu'une grande majorité de personnes l'utilise. Or, ce n'est pas le cas ..."
I have read the terms and I accept the conditions [click here if you agree],Male,Yes,Engineering and technology,Université Clermont Auvergne,0,,9.0,9.0,8.0,9.0,9.0,
I have read the terms and I accept the conditions [click here if you agree],Female,Yes,Natural science,,0,,9.0,8.0,8.0,10.0,9.0,
I have read the terms and I accept the conditions [click here if you agree],Male,Yes,Engineering and technology,Sigma,1,1,9.0,9.0,3.0,11.0,5.0,
I have read the terms and I accept the conditions [click here if you agree],Male,Yes,Engineering and technology,Isima le 💯,0,,9.0,7.0,4.0,11.0,8.0,
I have read the terms and I accept the conditions [click here if you agree],Female,Yes,Engineering and technology,Sigma-Clermont,1,0,9.0,9.0,6.0,11.0,8.0,
I have read the terms and I accept the conditions [click here if you agree],Male,Yes,Natural science,Uca,0,,9.0,10.0,8.0,9.0,8.0,
I have read the terms and I accept the conditions [click here if you agree],Male,Yes,Engineering and technology,IUT Informatique Clermont-Ferrant,1,0,9.0,7.0,4.0,11.0,9.0,
I have read the terms and I accept the conditions [click here if you agree],Male,Yes,Engineering and technology,IUT Clermont-Ferrand,0,,9.0,8.0,5.0,10.0,4.0,
I have read the terms and I accept the conditions [click here if you agree],Male,Yes,Engineering and technology,IUT de Clermont-Ferrand,0,,9.0,7.0,10.0,11.0,9.0,
I have read the terms and I accept the conditions [click here if you agree],Male,Yes,Engineering and technology,IUT de Clermont-Ferrand,1,0,9.0,8.0,4.0,11.0,7.0,"On a un peu l'impression que ça marche ne fonctionne pas car jamais croisé de personne malade.
"
I have read the terms and I accept the conditions [click here if you agree],Male,Yes,Engineering and technology,,1,1,9.0,8.0,6.0,11.0,7.0,
I have read the terms and I accept the conditions [click here if you agree],Female,Yes,Natural science,Polytech Clermont,1,1,9.0,8.0,5.0,9.0,5.0,
I have read the terms and I accept the conditions [click here if you agree],Male,Yes,Engineering and technology,Polytech Clermont,1,1,9.0,8.0,10.0,11.0,9.0,
I have read the terms and I accept the conditions [click here if you agree],Male,Yes,Engineering and technology,polytech clermont ferrand,1,1,9.0,8.0,7.0,8.0,5.0,
I have read the terms and I accept the conditions [click here if you agree],Male,Yes,Engineering and technology,Isima,0,,9.0,7.0,6.0,10.0,7.0,
I have read the terms and I accept the conditions [click here if you agree],Male,Yes,Natural science,Polytech bio,1,1,9.0,7.0,5.0,7.0,8.0,
I have read the terms and I accept the conditions [click here if you agree],Male,Yes,Natural science,,0,,9.0,7.0,8.0,8.0,7.0,
I have read the terms and I accept the conditions [click here if you agree],Male,Yes,Engineering and technology,UCA,0,,9.0,8.0,8.0,10.0,10.0,
I have read the terms and I accept the conditions [click here if you agree],Female,Yes,Engineering and technology,,1,0,9.0,8.0,6.0,11.0,7.0,
I have read the terms and I accept the conditions [click here if you agree],Female,Yes,Engineering and technology,ISIMA,1,0,9.0,7.0,2.0,11.0,9.0,
I have read the terms and I accept the conditions [click here if you agree],Male,Yes,Engineering and technology,Paris 1 Panthéon Sorbonne,0,,9.0,8.0,5.0,9.0,6.0,
I have read the terms and I accept the conditions [click here if you agree],Male,Yes,Engineering and technology,ISIMA,0,,9.0,9.0,8.0,8.0,8.0,
I have read the terms and I accept the conditions [click here if you agree],Female,Yes,Medical and health science,UCA,0,,9.0,7.0,9.0,10.0,6.0,
I have read the terms and I accept the conditions [click here if you agree],Male,Yes,Medical and health science,UCA,0,,9.0,10.0,4.0,10.0,2.0,
I have read the terms and I accept the conditions [click here if you agree],Female,Yes,Social science,La Rotonde,0,,9.0,10.0,5.0,11.0,11.0,
I have read the terms and I accept the conditions [click here if you agree],Female,Yes,Social science,Valence,1,1,9.0,10.0,10.0,9.0,8.0,
I have read the terms and I accept the conditions [click here if you agree],Male,Yes,Engineering and technology,Université d'AvigNo,0,,9.0,6.0,4.0,10.0,7.0,
I have read the terms and I accept the conditions [click here if you agree],Male,Yes,Engineering and technology,Paris 1 Panthéon Sorbonne,0,,10.0,8.0,4.0,11.0,5.0,
I have read the terms and I accept the conditions [click here if you agree],Female,Yes,Engineering and technology,Lille 1,1,1,10.0,11.0,7.0,11.0,8.0,
I have read the terms and I accept the conditions [click here if you agree],Female,Yes,Engineering and technology,Paris 1,0,,10.0,3.0,4.0,8.0,7.0,
I have read the terms and I accept the conditions [click here if you agree],Male,Yes,Social science,Montpellier Business School,0,,10.0,10.0,8.0,9.0,5.0,Pour moi il s’agit d’un pistage si nous faisons ça pour le Covid-19 pourquoi ne pas le faire pour d’autre maladie. Mais je trouve ça inapproprié car il s’agit du secret médical et No quelque chose que tout le monde doit savoir.
I have read the terms and I accept the conditions [click here if you agree],Male,Yes,Engineering and technology,Paris 1 Panthéon Sorbonne,0,,10.0,5.0,7.0,11.0,6.0,
I have read the terms and I accept the conditions [click here if you agree],Male,Yes,Engineering and technology,Polytech,1,0,10.0,10.0,8.0,11.0,11.0,
I have read the terms and I accept the conditions [click here if you agree],Male,Yes,Engineering and technology,ISIMA,1,0,10.0,9.0,6.0,10.0,8.0,
I have read the terms and I accept the conditions [click here if you agree],Female,Yes,Social science,Université Catholique de Lille,0,,10.0,8.0,3.0,10.0,2.0,
I have read the terms and I accept the conditions [click here if you agree],Female,Yes,Social science,Paris 1 Panthéon Sorbonne,1,1,10.0,10.0,8.0,11.0,7.0,
I have read the terms and I accept the conditions [click here if you agree],Male,Yes,Social science,,1,1,10.0,10.0,8.0,10.0,5.0,
I have read the terms and I accept the conditions [click here if you agree],Male,Yes,Engineering and technology,,1,1,10.0,9.0,7.0,5.0,6.0,
I have read the terms and I accept the conditions [click here if you agree],Female,Yes,Engineering and technology,Centralesupelec,1,1,10.0,11.0,4.0,11.0,6.0,
I have read the terms and I accept the conditions [click here if you agree],Male,Yes,Engineering and technology,Isima,1,1,10.0,10.0,6.0,8.0,11.0,
I have read the terms and I accept the conditions [click here if you agree],Female,Yes,Engineering and technology,,1,1,10.0,9.0,7.0,11.0,8.0,
I have read the terms and I accept the conditions [click here if you agree],Male,Yes,Engineering and technology,Uca,0,,10.0,9.0,6.0,10.0,8.0,
I have read the terms and I accept the conditions [click here if you agree],Male,Yes,Engineering and technology,,1,1,10.0,10.0,4.0,9.0,8.0,
I have read the terms and I accept the conditions [click here if you agree],Male,Yes,Engineering and technology,,0,,10.0,10.0,6.0,11.0,7.0,
I have read the terms and I accept the conditions [click here if you agree],Male,Yes,Engineering and technology,Iut info Clermont,1,1,10.0,10.0,10.0,10.0,10.0,
I have read the terms and I accept the conditions [click here if you agree],Male,Yes,Medical and health science,Ufr de medecine,0,,10.0,10.0,5.0,8.0,10.0,
I have read the terms and I accept the conditions [click here if you agree],Male,Yes,Engineering and technology,UCA,1,1,10.0,9.0,4.0,11.0,8.0,
I have read the terms and I accept the conditions [click here if you agree],Male,Yes,Engineering and technology,,0,,10.0,10.0,6.0,11.0,7.0,
I have read the terms and I accept the conditions [click here if you agree],Male,Yes,Engineering and technology,UCA,1,1,10.0,9.0,8.0,5.0,4.0,"Je me trompe peut être mais je ne vois pas quel(s) risques/problèmes il y a à utiliser une application comme Tous Anti Covid qu'il n'y ait pas en utilisant quotidienement Google, Maps, Meteo etc qui ont acces à notre position et bcp d'informations en +.
Je pense que l'interet que peut avoir ce genre d'application vaut la peine de les télécharger.
J'ai confiance en le gouvernement sur le fait que l'unique but de l'appli soit de lutter contre la propagation du virus donc je ne vois aucune raison de ne pas télécharger TousAntiCovid"
I have read the terms and I accept the conditions [click here if you agree],Female,Yes,Engineering and technology,Polytech Clermont-Ferrand,1,0,10.0,9.0,7.0,11.0,7.0,
I have read the terms and I accept the conditions [click here if you agree],Female,Yes,Engineering and technology,Polytech Clermont-Ferrand,1,0,10.0,9.0,7.0,11.0,6.0,"Dans la situation de pandémie actuelle, des moyens ont été mis en œuvre dans le développement d'une application de traçage COVID-19 par le gouvernement mais malheureusement cela reste obsolète notamment à cause le manque d'implication autant du gouvernement que de la population. Il n'y a pas assez de sérieux, on n'en entend parler une fois mais sans vraiment prendre conscience de l'utilité donc on l'oublie, on n'y prête pas attention."
I have read the terms and I accept the conditions [click here if you agree],Male,Yes,Medical and health science,,1,1,10.0,10.0,8.0,11.0,8.0,
I have read the terms and I accept the conditions [click here if you agree],Female,Yes,Humanities,Département Shs fac de grenoble,1,1,10.0,9.0,9.0,10.0,10.0,
I have read the terms and I accept the conditions [click here if you agree],Male,Yes,Medical and health science,Staps,1,1,10.0,7.0,2.0,11.0,8.0,
,Male,Yes,Humanities,Université d'AvigNo,0,,10.0,9.0,3.0,10.0,8.0,"Je trouve que c'est une bonne initiative, mais il faut une absolue transparence pour obtenir la confiance de la population. Les personnes ne veulent pas qu'on les utilise pour des programme commerciaux et autres. La réussite pas se par la confiance."
I have read the terms and I accept the conditions [click here if you agree],Female,Yes,Humanities,Université d'AvigNo,0,,10.0,9.0,3.0,10.0,8.0,
,Male,Yes,Humanities,Universtié d'AvigNo,0,,10.0,10.0,8.0,11.0,9.0,
I have read the terms and I accept the conditions [click here if you agree],Female,Yes,Engineering and technology,Centralesupelec,0,,11.0,11.0,9.0,5.0,11.0,
I have read the terms and I accept the conditions [click here if you agree],Female,Yes,Humanities,Lyon 3  Jean moulins,1,0,11.0,8.0,5.0,11.0,8.0,
I have read the terms and I accept the conditions [click here if you agree],Male,Yes,Social science,,1,1,11.0,11.0,11.0,11.0,11.0,Ces applications de traçage peuvent être utiles dans la plupart des cas mais n’ont malheureusement pas la confiance de tous les français par rapport à certains pays européens qui en font une force notable.
I have read the terms and I accept the conditions [click here if you agree],Male,Yes,Engineering and technology,Dut mesures physiques,0,,11.0,11.0,7.0,10.0,6.0,Je fais confiance au gouvernement
I have read the terms and I accept the conditions [click here if you agree],Female,Yes,Engineering and technology,Polytech,1,0,11.0,6.0,6.0,11.0,7.0,
I have read the terms and I accept the conditions [click here if you agree],Male,Yes,Engineering and technology,IUT Clermont-Ferrand,1,1,11.0,11.0,7.0,4.0,4.0,
I have read the terms and I accept the conditions [click here if you agree],Male,Yes,Engineering and technology,ISIMA,1,0,11.0,10.0,7.0,10.0,8.0,
I have read the terms and I accept the conditions [click here if you agree],Male,Yes,Engineering and technology,Ecole universitaire de physique et d'ingénierie - Clermont Auvergne,0,,11.0,11.0,8.0,11.0,11.0,
I have read the terms and I accept the conditions [click here if you agree],Transgender,Yes,Humanities,Issep lyon,0,,11.0,11.0,1.0,11.0,1.0,
I have read the terms and I accept the conditions [click here if you agree],Male,Yes,Social science,EM Lyon,1,0,11.0,8.0,1.0,11.0,8.0,
I have read the terms and I accept the conditions [click here if you agree],Female,Yes,Natural science,Iut Clermont Ferrand,1,0,11.0,11.0,11.0,8.0,8.0,
I have read the terms and I accept the conditions [click here if you agree],Male,Yes,Natural science,Iut bio,1,1,11.0,7.0,3.0,11.0,8.0,
I have read the terms and I accept the conditions [click here if you agree],Male,Yes,Medical and health science,Ufr pharmacie,1,1,11.0,11.0,1.0,11.0,6.0,
I have read the terms and I accept the conditions [click here if you agree],Male,Yes,Engineering and technology,Sigma clermont,1,1,11.0,11.0,5.0,11.0,1.0,"Ça me dérange pas d'être tracé, de toute façon ça ne change rien pour moi (je me fous qu'ils savent où je suis)"
I have read the terms and I accept the conditions [click here if you agree],Male,Yes,Engineering and technology,Iut informatique à Clermont ferrand,1,1,11.0,10.0,7.0,11.0,9.0,
I have read the terms and I accept the conditions [click here if you agree],Male,Yes,Engineering and technology,Clermont auvergne,1,0,11.0,11.0,3.0,11.0,5.0,"en faisant la pub pour ces applications, il faut expliquer aussi comme ils marchent, genre si avec les Bluetooth ou ils ont besoin de localisation et tout..."
I have read the terms and I accept the conditions [click here if you agree],Female,Yes,Humanities,École supérieure de journalisme de Paris,1,1,11.0,11.0,11.0,8.0,9.0,
I have read the terms and I accept the conditions [click here if you agree],Male,Yes,Humanities,Université d'AvigNo,1,1,11.0,9.0,3.0,11.0,8.0,
J'ai lu les conditions et je les accepte [cliquez ici si vous les acceptez].,Male,Yes,Social science,Paris 1 Panthéon Sorbonne,0,,4.0,7.0,3.0,9.0,6.0,
J'ai lu les conditions et je les accepte [cliquez ici si vous les acceptez].,Male,Yes,Social science,Paris 1 Panthéon Sorbonne,0,,4.0,8.0,1.0,11.0,9.0,
J'ai lu les conditions et je les accepte [cliquez ici si vous les acceptez].,Male,Yes,Social science,Paris 1 Panthéon Sorbonne,0,,4.0,7.0,1.0,11.0,9.0,
J'ai lu les conditions et je les accepte [cliquez ici si vous les acceptez].,Female,Yes,Humanities,Paris 1 panthéon sorbonne,0,,4.0,8.0,7.0,9.0,6.0,Je ne sais ce qu'est un code open source
J'ai lu les conditions et je les accepte [cliquez ici si vous les acceptez].,Female,Yes,Natural science,,0,,1.0,8.0,5.0,8.0,1.0,
J'ai lu les conditions et je les accepte [cliquez ici si vous les acceptez].,Male,Yes,Natural science,Université de paris,1,1,2.0,5.0,1.0,9.0,9.0,
J'ai lu les conditions et je les accepte [cliquez ici si vous les acceptez].,Male,Yes,Social science,Université de Paris,1,1,11.0,11.0,11.0,1.0,1.0,
J'ai lu les conditions et je les accepte [cliquez ici si vous les acceptez].,Female,Yes,Natural science,Université de Paris,0,,2.0,4.0,5.0,7.0,7.0,
J'ai lu les conditions et je les accepte [cliquez ici si vous les acceptez].,Female,Yes,Natural science,,0,,5.0,6.0,4.0,9.0,7.0,
J'ai lu les conditions et je les accepte [cliquez ici si vous les acceptez].,Female,Yes,Natural science,université de paris,0,,2.0,3.0,3.0,11.0,8.0,
J'ai lu les conditions et je les accepte [cliquez ici si vous les acceptez].,Male,Yes,Medical and health science,Université de Paris,0,,8.0,6.0,5.0,9.0,4.0,
J'ai lu les conditions et je les accepte [cliquez ici si vous les acceptez].,Female,Yes,Social science,Paris Diderot,0,,1.0,6.0,3.0,9.0,6.0,
J'ai lu les conditions et je les accepte [cliquez ici si vous les acceptez].,Female,Yes,Engineering and technology,Université de Paris,0,,8.0,9.0,7.0,9.0,8.0,
J'ai lu les conditions et je les accepte [cliquez ici si vous les acceptez].,Female,Yes,Natural science,Université de paris,0,,5.0,5.0,3.0,10.0,4.0,
J'ai lu les conditions et je les accepte [cliquez ici si vous les acceptez].,Male,Yes,Medical and health science,Diderot,0,,6.0,8.0,4.0,11.0,7.0,
J'ai lu les conditions et je les accepte [cliquez ici si vous les acceptez].,Female,Yes,Social science,Université de paris,0,,3.0,7.0,4.0,7.0,7.0,
J'ai lu les conditions et je les accepte [cliquez ici si vous les acceptez].,Male,Yes,Social science,Université de Paris,0,,1.0,1.0,1.0,11.0,8.0,
J'ai lu les conditions et je les accepte [cliquez ici si vous les acceptez].,Male,Yes,Social science,ESJ paris,0,,5.0,9.0,9.0,5.0,4.0,
J'ai lu les conditions et je les accepte [cliquez ici si vous les acceptez].,Female,Yes,Medical and health science,Université de Paris,0,,2.0,6.0,3.0,8.0,6.0,
J'ai lu les conditions et je les accepte [cliquez ici si vous les acceptez].,Male,Yes,Medical and health science,Université de Paris,0,,6.0,6.0,6.0,6.0,6.0,
J'ai lu les conditions et je les accepte [cliquez ici si vous les acceptez].,Female,Yes,Medical and health science,,0,,4.0,6.0,6.0,7.0,6.0,
J'ai lu les conditions et je les accepte [cliquez ici si vous les acceptez].,Male,Yes,Social science,Université de Paris,1,1,7.0,4.0,3.0,7.0,2.0,
J'ai lu les conditions et je les accepte [cliquez ici si vous les acceptez].,Female,Yes,Social science,"Diderot, Grand moulin",0,,1.0,8.0,6.0,5.0,5.0,
J'ai lu les conditions et je les accepte [cliquez ici si vous les acceptez].,Female,Yes,Social science,Paris 7,0,,4.0,9.0,1.0,11.0,6.0,"Je ne sais pas ce qu'est un ""code open source"", mais après avoir regardé rapidement je ne comprends pas beaucoup plus, donc le ""6"" n'est pas représentatif. 
 Bon courage pour la thèse!"
J'ai lu les conditions et je les accepte [cliquez ici si vous les acceptez].,Female,Yes,Engineering and technology,Université de Paris,1,1,4.0,8.0,6.0,7.0,4.0,
J'ai lu les conditions et je les accepte [cliquez ici si vous les acceptez].,Female,Yes,Humanities,Université Paris Diderot,0,,7.0,3.0,5.0,11.0,6.0,
J'ai lu les conditions et je les accepte [cliquez ici si vous les acceptez].,Male,Yes,Engineering and technology,,1,1,11.0,8.0,8.0,11.0,11.0,
J'ai lu les conditions et je les accepte [cliquez ici si vous les acceptez].,Male,Yes,Engineering and technology,Diderot,0,,8.0,10.0,3.0,11.0,11.0,
J'ai lu les conditions et je les accepte [cliquez ici si vous les acceptez].,Female,Yes,Social science,Université de paris,0,,4.0,5.0,4.0,11.0,6.0,
J'ai lu les conditions et je les accepte [cliquez ici si vous les acceptez].,Male,Yes,Natural science,Universite de Paris,1,0,8.0,10.0,4.0,10.0,6.0,
J'ai lu les conditions et je les accepte [cliquez ici si vous les acceptez].,Male,Yes,Engineering and technology,Panthéon Sorbonne,0,,9.0,9.0,7.0,9.0,6.0,
J'ai lu les conditions et je les accepte [cliquez ici si vous les acceptez].,Male,Yes,Humanities,Panthéon Sorbonne,0,,9.0,9.0,7.0,9.0,6.0,
J'ai lu les conditions et je les accepte [cliquez ici si vous les acceptez].,Female,Yes,Engineering and technology,,0,,8.0,8.0,3.0,8.0,8.0,
J'ai lu les conditions et je les accepte [cliquez ici si vous les acceptez].,Female,Yes,Social science,UPEC,1,1,3.0,10.0,7.0,11.0,3.0,
J'ai lu les conditions et je les accepte [cliquez ici si vous les acceptez].,Male,Yes,Engineering and technology,CHEC,0,,7.0,8.0,7.0,7.0,7.0,
J'ai lu les conditions et je les accepte [cliquez ici si vous les acceptez].,Male,Yes,Engineering and technology,,1,1,4.0,8.0,2.0,9.0,8.0,
J'ai lu les conditions et je les accepte [cliquez ici si vous les acceptez].,Male,Yes,Engineering and technology,CHEC,0,,5.0,7.0,7.0,5.0,5.0,
J'ai lu les conditions et je les accepte [cliquez ici si vous les acceptez].,Female,Yes,Engineering and technology,Université de paris,0,,1.0,5.0,6.0,3.0,8.0,Ouvrez pas les resto
J'ai lu les conditions et je les accepte [cliquez ici si vous les acceptez].,Female,Yes,Social science,Paris Diderot,0,,1.0,5.0,1.0,11.0,11.0,
J'ai lu les conditions et je les accepte [cliquez ici si vous les acceptez].,Male,Yes,Engineering and technology,Diderot,0,,4.0,9.0,5.0,9.0,8.0,
J'ai lu les conditions et je les accepte [cliquez ici si vous les acceptez].,Female,Yes,Social science,Université de paris,1,1,9.0,9.0,7.0,9.0,9.0,
J'ai lu les conditions et je les accepte [cliquez ici si vous les acceptez].,Intersexuel,Yes,Engineering and technology,u paris,0,,10.0,1.0,11.0,11.0,11.0,
J'ai lu les conditions et je les accepte [cliquez ici si vous les acceptez].,Male,Yes,Natural science,Université de Paris,1,0,6.0,9.0,8.0,10.0,11.0,
J'ai lu les conditions et je les accepte [cliquez ici si vous les acceptez].,Female,Yes,Natural science,Paris Diderot,1,0,7.0,8.0,4.0,11.0,11.0,
J'ai lu les conditions et je les accepte [cliquez ici si vous les acceptez].,Female,Yes,Engineering and technology,Ensapvs,0,,2.0,2.0,5.0,11.0,11.0,
J'ai lu les conditions et je les accepte [cliquez ici si vous les acceptez].,Female,Yes,Natural science,ENSA PARIS VAL DE SEINE,0,,3.0,6.0,4.0,8.0,8.0,
J'ai lu les conditions et je les accepte [cliquez ici si vous les acceptez].,Male,Yes,Natural science,Rouen pasteur,0,,2.0,5.0,4.0,8.0,5.0,
J'ai lu les conditions et je les accepte [cliquez ici si vous les acceptez].,Female,Yes,Engineering and technology,ENSA Paris Val de Seine,1,1,7.0,7.0,2.0,9.0,10.0,
J'ai lu les conditions et je les accepte [cliquez ici si vous les acceptez].,Prefer not to say,Yes,Natural science,,0,,2.0,4.0,4.0,9.0,9.0,
J'ai lu les conditions et je les accepte [cliquez ici si vous les acceptez].,Female,Yes,Natural science,Paris Diderot,0,,2.0,5.0,5.0,11.0,11.0,
J'ai lu les conditions et je les accepte [cliquez ici si vous les acceptez].,Female,Yes,Engineering and technology,,1,1,5.0,9.0,9.0,11.0,11.0,
J'ai lu les conditions et je les accepte [cliquez ici si vous les acceptez].,Female,Yes,Natural science,Université de Paris (exDiderot),1,0,4.0,7.0,2.0,11.0,11.0,
J'ai lu les conditions et je les accepte [cliquez ici si vous les acceptez].,Female,Yes,Medical and health science,Iso Paris,1,1,6.0,6.0,4.0,6.0,8.0,
J'ai lu les conditions et je les accepte [cliquez ici si vous les acceptez].,Female,Yes,Engineering and technology,Université de Paris,0,,10.0,6.0,9.0,11.0,11.0,
J'ai lu les conditions et je les accepte [cliquez ici si vous les acceptez].,Female,Yes,Social science,Université de Paris,0,,3.0,5.0,5.0,11.0,8.0,
J'ai lu les conditions et je les accepte [cliquez ici si vous les acceptez].,Female,Yes,Humanities,,0,,8.0,8.0,3.0,8.0,11.0,
J'ai lu les conditions et je les accepte [cliquez ici si vous les acceptez].,Female,Yes,Humanities,Université de Paris,1,1,8.0,6.0,3.0,5.0,5.0,
J'ai lu les conditions et je les accepte [cliquez ici si vous les acceptez].,Female,Yes,Medical and health science,,0,,11.0,11.0,4.0,9.0,8.0,
J'ai lu les conditions et je les accepte [cliquez ici si vous les acceptez].,Female,Yes,Social science,Université de Paris (anciennement Paris 7),0,,1.0,6.0,1.0,11.0,4.0,"Je ne fais pas confiance aux applications de traçage Covid surtout gérées par le gouvernement, car ils détiendraient des informations sur ma géolocalisation et les gens que je fréquente. Même si les GAFA ont sûrement déjà toutes ces informations, le fait que le gouvernement puisse explicitement se les approprier me dérange. Déjà qu'ils ont élargi les critères de fichage... Avec le contexte actuel et un gouvernement qui est de plus en répressif, leur donner ces informations ne me semble pas être une bonne idée du tout. Bon courage pour la thèse :) !"
J'ai lu les conditions et je les accepte [cliquez ici si vous les acceptez].,Female,Yes,Medical and health science,Université de Paris,1,1,8.0,8.0,7.0,8.0,1.0,
J'ai lu les conditions et je les accepte [cliquez ici si vous les acceptez].,Female,Yes,Humanities,Inalco (japonais),0,,11.0,11.0,8.0,11.0,11.0,
J'ai lu les conditions et je les accepte [cliquez ici si vous les acceptez].,Female,Yes,Humanities,,0,,7.0,9.0,5.0,9.0,10.0,
J'ai lu les conditions et je les accepte [cliquez ici si vous les acceptez].,Female,Yes,Humanities,Université de Paris,0,,8.0,8.0,6.0,9.0,7.0,
J'ai lu les conditions et je les accepte [cliquez ici si vous les acceptez].,Female,Yes,Humanities,Université de Paris,0,,1.0,1.0,1.0,1.0,1.0,
J'ai lu les conditions et je les accepte [cliquez ici si vous les acceptez].,Female,Yes,Humanities,Université de Paris (Cinéma),0,,2.0,9.0,4.0,11.0,7.0,
J'ai lu les conditions et je les accepte [cliquez ici si vous les acceptez].,Female,Yes,Medical and health science,Université de Paris,0,,2.0,8.0,6.0,3.0,3.0,
J'ai lu les conditions et je les accepte [cliquez ici si vous les acceptez].,Female,Yes,Humanities,Université de Paris,0,,4.0,8.0,6.0,7.0,6.0,"Je pense que le faible succès rencontré par ces applications tient à plusieurs éléments. Une impression tout d’abord de se sentir surveillé et tracé qui constitue une peur générale, amplifiée par des récits de science-fiction (dont la part de fiction s’efface de plus en plus ces dernières années). De plus, je pense qu’il existe également une peur inconsciente du virus chez tous: recevoir une notification nous informant que nous pouvons potentiellement être contaminé produirait chez beaucoup une angoisse supplémentaire dans la période que nous vivons."
J'ai lu les conditions et je les accepte [cliquez ici si vous les acceptez].,Female,Yes,Humanities,Université de Paris,1,1,5.0,7.0,4.0,8.0,7.0,
J'ai lu les conditions et je les accepte [cliquez ici si vous les acceptez].,Female,Yes,Humanities,,0,,5.0,7.0,5.0,11.0,11.0,
J'ai lu les conditions et je les accepte [cliquez ici si vous les acceptez].,Female,Yes,Social science,Diderot,0,,2.0,3.0,1.0,8.0,11.0,
J'ai lu les conditions et je les accepte [cliquez ici si vous les acceptez].,Male,Yes,Engineering and technology,chec,0,,7.0,9.0,6.0,7.0,4.0,
J'ai lu les conditions et je les accepte [cliquez ici si vous les acceptez].,Female,Yes,Humanities,Université de Paris,0,,2.0,4.0,1.0,11.0,11.0,
J'ai lu les conditions et je les accepte [cliquez ici si vous les acceptez].,Female,Yes,Medical and health science,Université de Paris (UP),1,1,9.0,9.0,7.0,10.0,6.0,
J'ai lu les conditions et je les accepte [cliquez ici si vous les acceptez].,Male,Yes,Humanities,Paris 1 panthéon Sorbonne,0,,2.0,9.0,3.0,10.0,7.0,
J'ai lu les conditions et je les accepte [cliquez ici si vous les acceptez].,Female,Yes,Natural science,,0,,5.0,8.0,6.0,11.0,3.0,